<?xml version="1.0" encoding="UTF-8"?>

<mule xmlns:vm="http://www.mulesoft.org/schema/mule/vm" xmlns:http="http://www.mulesoft.org/schema/mule/http"
	xmlns="http://www.mulesoft.org/schema/mule/core" xmlns:doc="http://www.mulesoft.org/schema/mule/documentation"
	xmlns:spring="http://www.springframework.org/schema/beans" xmlns:xsi="http://www.w3.org/2001/XMLSchema-instance"
	xsi:schemaLocation="http://www.mulesoft.org/schema/mule/vm http://www.mulesoft.org/schema/mule/vm/current/mule-vm.xsd
http://www.springframework.org/schema/beans http://www.springframework.org/schema/beans/spring-beans-current.xsd
http://www.mulesoft.org/schema/mule/core http://www.mulesoft.org/schema/mule/core/current/mule.xsd
http://www.mulesoft.org/schema/mule/http http://www.mulesoft.org/schema/mule/http/current/mule-http.xsd">
	<flow name="HttpProxyService">
		<http:inbound-endpoint exchange-pattern="request-response"
			address="http://192.168.1.6:8082" doc:name="HTTP" />
			 <set-property propertyName="http.disable.status.code.exception.check" value="true" doc:name="Disable Exception Check"/>
        <flow-ref name="life2Liferay_rest-headers" doc:name="life2Liferay_rest-headers"/>
		<logger message="====#[header:INBOUND:http.request]" level="INFO"
			doc:name="Logger" />

		<choice doc:name="Choice">
			<when expression="#[regex('.*/createUser.*', message.payload)]">

				<http:outbound-endpoint exchange-pattern="one-way"
					method="GET"
					address="http://192.168.1.6:8080#[message.inboundProperties['http.request']]"
					doc:name="HTTP-one-way" />
					<flow-ref name="life2Liferay_rest-headers" doc:name="Copy HTTP Headers"/>
			</when>
			<otherwise>

				<http:outbound-endpoint exchange-pattern="request-response"
					method="GET"
					address="http://192.168.1.6:8080#[message.inboundProperties['http.request']]"
					doc:name="HTTP-request-response" />
					<flow-ref name="life2Liferay_rest-headers" doc:name="Copy HTTP Headers"/>
			</otherwise>
		</choice>
	</flow>
	<sub-flow name="life2Liferay_rest-headers">
		<copy-properties propertyName="*" doc:name="Copy All HTTP Headers" />
		<remove-property propertyName="Content-Length"
			doc:name="Remove Content Length" />
		<remove-property propertyName="MULE_*" doc:name="Remove MULE Properties" />
		<remove-property propertyName="X_MULE*"
			doc:name="Remove X_MULE Properties" />
		<remove-property propertyName="X-MULE*"
			doc:name="Remove X-MULE Properties" />
	</sub-flow>
</mule>
